,movimiento_id,buque_id,matricula,radar_id,muelle,tipo_carga,origen,fecha_ingreso,hora_ingreso,fecha_egreso,hora_egreso,tonelaje_declarado,velocidad_ingreso,velocidad_maxima_muelle,estado_despacho,duracion_horas,exceso_velocidad_real,exceso_velocidad
count,447,447,447,426,447,447,447,447,447,447,447,447.0,447.0,447.0,433,354.0,447.0,447.0
unique,447,40,31,8,12,8,8,,,,,,,,4,,,
top,MOV-01493,B-011,COSCO-TIGRE,R-07,MUELLE-B,TRIGO,VALPARAISO,,,,,,,,EN_REVISION,,,
freq,1,19,30,69,75,69,68,,,,,,,,115,,,
mean,,,,,,,,2019-01-10 15:37:26.979865856,1900-01-01 11:38:12.080536832,2020-02-16 23:27:47.114094080,1900-01-01 10:40:38.657718016,5035.174541387024,14.240492170022371,11.21923937360179,,40.36370056497175,3.0212527964205815,2.4602908277404913
min,,,,,,,,1900-01-01 00:00:00,1900-01-01 00:00:00,1900-01-01 00:00:00,1900-01-01 00:00:00,1422.1,10.6,10.0,,0.35,0.5999999999999996,0.05000000000000071
25%,,,,,,,,2021-03-17 00:00:00,1900-01-01 04:57:30,2021-03-30 00:00:00,1900-01-01 03:51:30,4088.69,12.8,10.0,,21.254166666666666,1.5,0.9999999999999982
50%,,,,,,,,2022-06-27 00:00:00,1900-01-01 12:11:00,2022-07-18 00:00:00,1900-01-01 10:15:00,5021.5,14.0,10.0,,40.11666666666667,2.8000000000000007,2.1999999999999993
75%,,,,,,,,2023-11-07 00:00:00,1900-01-01 17:37:00,2023-11-17 00:00:00,1900-01-01 17:21:00,5981.719999999999,15.75,12.0,,57.99583333333334,4.1000000000000005,3.549999999999999
max,,,,,,,,2024-12-27 00:00:00,1900-01-01 23:56:00,2024-12-28 00:00:00,1900-01-01 23:55:00,8552.11,20.2,15.0,,88.2,9.7,9.2
std,,,,,,,,,,,,1283.71781165394,2.1019194152197103,1.5052334275026436,,21.399305043963494,1.7765967986095232,1.792249546075812
